,Unnamed: 0,Unnamed: 0.1,Unnamed: 0.1.1,TWEET,USERNAME,DATE,TIME,bertweet_label,bertweet_score,robertweet_label,robertweet_score,emotiontweet_label,emotiontweet_score,flairtweet_label,flairtweet_score,zeroshot_label,zeroshot_score,Final_label
0,0,0,0,this mistake by government is an extremely serious one and will cause deaths,DrBrianDay,2018-08-03,13:52:46,negative,0.9817184209823608,negative,0.9630007147789,anger,0.6677923798561096,negative,0.9999125003814696,negative,0.6648386716842651,negative
1,1,1,1,vancouver records ghastly death count from suspected overdoses mayor,AnizKhalfan,2018-08-06,03:23:37,negative,0.9674922823905944,negative,0.9045536518096924,fear,0.9040290713310242,negative,0.9746102690696716,negative,0.4935652315616607,negative
2,2,2,2,clare gerada in memoriamdoctors who have died by suicide or accidental death  via,AnizKhalfan,2018-08-13,04:44:23,neutral,0.5494104623794556,negative,0.6236045360565186,sadness,0.9760353565216064,positive,0.9814662933349608,negative,0.5595970749855042,negative
3,3,3,3,i worry about how we ensure that human contact and relationships endure otherwise loneliness will prevail,DrRFernandez,2018-08-20,15:26:26,neutral,0.5887132883071899,negative,0.7493032217025757,sadness,0.9688632488250732,positive,0.7671120166778564,negative,0.4151160717010498,negative
4,4,4,4,government believes it owns and controls the bodies of its citizens no concern for human rights as patients are forced to suffer permanent harm suffering and even death,DrBrianDay,2018-08-30,15:36:33,negative,0.9533902406692504,negative,0.9399494528770448,sadness,0.9496586322784424,negative,0.9184704422950744,negative,0.5086719393730164,negative
5,5,5,5,loneliness is a serious publichealth problem  all the lonely people social connections important for resilience for chronic pain,AnizKhalfan,2018-09-03,06:03:28,negative,0.8398085832595825,negative,0.6727451086044312,joy,0.9217578172683716,negative,0.9664920568466188,negative,0.6473367810249329,negative
6,6,6,6,digital ambassadors are such a great idea  highly recommend this to and for upcoming events,DrRFernandez,2018-09-06,16:46:40,positive,0.99147230386734,positive,0.985024094581604,joy,0.997128427028656,positive,0.9980873465538024,positive,0.5733994245529175,positive
7,7,7,7,yes factors that impact resilience are social connections seeking professional support exercise sleep optimism emotional intelligence meaning making amongst others,AnizKhalfan,2018-09-15,01:38:10,positive,0.7688837051391602,neutral,0.7545613646507263,joy,0.9881900548934937,positive,0.991859257221222,positive,0.4333227872848511,positive
8,8,8,8,lets spead the word new film pulls back curtain on physician suicide,AnizKhalfan,2018-09-15,20:15:49,neutral,0.913033962249756,neutral,0.7898679971694946,sadness,0.9332415461540222,positive,0.9366922974586488,negative,0.3930772840976715,neutral
9,9,9,9,a beautiful tribute mary so sorry for your loss,AnizKhalfan,2018-09-22,05:12:48,positive,0.956479549407959,positive,0.5882326364517212,sadness,0.9885579347610474,positive,0.9920893907546996,negative,0.4393143057823181,positive
10,10,10,10,bc govt by april   of colonoscopy patients    will wait longer than the maximum acceptable time the oct ban on colonoscopy in private centres adds cancer patients to those wait lists eliminating a safety valve that existed for years deaths will result,DrBrianDay,2018-09-28,02:31:20,negative,0.956613063812256,negative,0.7660542130470276,joy,0.5946770310401917,negative,0.9980034232139589,negative,0.5528821349143982,negative
11,11,11,11,kavanaugh has revealed the insidious force in global politics toxic masculinity  jonathan freedland this sadly a man of our time how did this happen,AnizKhalfan,2018-09-29,13:18:56,negative,0.9823442697525024,negative,0.7917019724845886,anger,0.7021496891975403,positive,0.913303017616272,negative,0.3831587135791778,negative
12,12,12,12,md burnout an alarming problem cma president says via,AnizKhalfan,2018-10-10,12:26:17,negative,0.9662835597991944,negative,0.7086792588233948,fear,0.6542830467224121,negative,0.9997738003730774,negative,0.4885834157466888,negative
13,13,13,13,bc government lawyers a functioning health care system must prioritize differently for elective conditions the prioritization process takes into account the fact that no risk of death arises with respect to elective surgerycontrast that with reality,DrBrianDay,2018-10-13,20:02:21,neutral,0.7681390643119812,neutral,0.707248330116272,joy,0.9252668619155884,positive,0.8155657649040222,neutral,0.3625580966472626,neutral
14,14,14,14,loneliness is a problem for seniors,DrRFernandez,2018-10-19,08:32:19,negative,0.9663981199264526,negative,0.8806227445602417,sadness,0.9926000833511353,negative,0.9840506911277772,negative,0.6040122509002686,negative
15,15,15,15,how a bench and a team of grandmothers can tackle depression via,DrSarahJCook,2018-10-19,14:06:20,neutral,0.9471856951713562,neutral,0.7788061499595642,sadness,0.9577698707580566,positive,0.9967474937438964,negative,0.4929283857345581,neutral
16,16,16,16,sad to see that this happens baylor pediatrics residents gave advice to staff and we all got a sample of one at ,mclaughlin_tom,2018-10-20,20:07:17,negative,0.9471499919891356,negative,0.7538062930107117,joy,0.8257697820663452,negative,0.9988763928413392,negative,0.4766320288181305,negative
17,17,17,17,work with patients to do a personal pain web to see various ways in which it impacts identity including relationships social isolation hobbies work wellness depression anxiety loss anger and need to address so much more other than just pain and activities of daily living,AnizKhalfan,2018-10-21,21:38:42,neutral,0.891459047794342,neutral,0.548973798751831,sadness,0.5831606984138489,positive,0.9949824810028076,negative,0.4143101572990417,neutral
18,18,18,18,im sorry lisa thats sad,DocSchmadia,2018-10-25,11:23:23,negative,0.9690293669700624,negative,0.8131900429725647,sadness,0.9978867173194884,negative,0.9968359470367432,negative,0.4577090144157409,negative
19,19,19,19,its season and a is your best bet at avoiding serious health problems including heart attacks breathing problems pneumonia and possibly deathprotect yourself protect your loved one,DocSchmadia,2018-11-05,08:51:59,neutral,0.7395272850990295,neutral,0.5127684473991394,joy,0.4213611185550689,positive,0.9976189732551576,negative,0.4374947249889374,neutral
20,20,20,20,well said  role clarity is essential otherwise people really do confuse what a naturopath can do what a doctor does and as we saw in the case of the alberta toddlers death the difference is lifealtering and profound,DocSchmadia,2018-11-06,09:09:59,neutral,0.609549880027771,neutral,0.5595465898513794,fear,0.8213772177696228,positive,0.9991056323051452,negative,0.3948589563369751,neutral
21,21,21,21,benefits from teambased care connecting family docs and specialists to interdisciplinary teams is a necessary stepgovernment education campaigns around  screen time stress bullying is also needed and missingmy cents,DocSchmadia,2018-11-10,22:17:23,neutral,0.7257125973701477,positive,0.6410400867462158,sadness,0.797642707824707,positive,0.9788427352905272,negative,0.3854949176311493,positive
22,22,22,22,sleuthsayers part  physician burn out and suicide the road t,AnizKhalfan,2018-11-11,15:53:26,negative,0.933110237121582,negative,0.7448083162307739,sadness,0.7868847846984863,negative,0.967937171459198,negative,0.5979266166687012,negative
23,23,23,23,truly a loss,JeanSeely,2018-11-16,10:17:40,negative,0.9683827757835388,negative,0.7852222919464111,sadness,0.5361096262931824,negative,0.999964475631714,negative,0.5109469890594482,negative
24,24,24,24,on  i met family docs who struggle to keep their clinics afloat with thousands of patients between them they are seriously considering leavingits sadas it is it takes  years to get a family doc here,DocSchmadia,2018-11-19,00:30:33,negative,0.942504107952118,negative,0.8455376625061035,anger,0.8210495114326477,positive,0.8753783702850342,negative,0.4319627285003662,negative
25,25,25,25,you appear to be a sincere person all would love a system that offered everything to everyone at no cost sadly that cant happen we must care for the vulnerable but the rich can selfinsure every canadian government incl ndp has left the poor without accesssee cihi,DrBrianDay,2018-11-19,02:39:25,neutral,0.5305159687995911,neutral,0.4348625540733337,joy,0.9904852509498596,positive,0.9715209007263184,negative,0.3429558575153351,neutral
26,26,26,26,being a patient is hard the unknown the loss of control the roller coaster of emotions ive always been inspired to try to make that journey easier on my patientstotally agree,DocSchmadia,2018-11-29,13:19:27,neutral,0.8404968976974487,positive,0.6859277486801147,joy,0.998533010482788,negative,0.8631133437156677,negative,0.3608691990375519,negative
27,27,27,27,icymi if everyone got the  we would decrease the number of deaths and complications from  even if youre young and healthy the time you save by preventing the flu mattersget the flu shot it just makes sensevia,DocSchmadia,2018-12-05,15:48:21,neutral,0.6464030742645264,neutral,0.4617296457290649,joy,0.9903027415275574,negative,0.9988749623298644,negative,0.3673561215400696,negative
28,28,28,28,sadly these are basic guidelines that primary healthcare workers in the community should know the fact they dont may be a failure on our part to teach them properly,ShielaAppavoo,2018-12-09,01:09:57,negative,0.8979336023330688,negative,0.6926838159561157,sadness,0.9016997814178468,positive,0.6096649169921875,negative,0.3942353427410126,negative
29,29,29,29,rates of screened women deaths in purple unscreened women in red followed since about  i know which colour id rather be,ShielaAppavoo,2018-12-10,13:32:52,negative,0.9309365749359132,neutral,0.6618954539299011,fear,0.8483383655548096,negative,0.9995232820510864,negative,0.3794124126434326,negative
30,30,30,30,making that phone call from hospital in the middle of night bearing the news of sudden death of someones loved one is never easy,CalvinTongMD,2018-12-10,14:15:31,negative,0.6178081631660461,negative,0.8765395283699036,love,0.967951238155365,negative,0.976379096508026,negative,0.66904616355896,negative
31,31,31,31,managing stress as a family doctor reschedule reprioritise recharge and review,DrRFernandez,2018-12-11,14:42:48,neutral,0.92556232213974,neutral,0.8599632382392883,sadness,0.6503456830978394,positive,0.765101969242096,negative,0.348308652639389,neutral
32,32,32,32,do you really feel thats why breast imagers are concerned about these guidelines this is from landmark study tell me which colour youd prefer to be screened are purple unscreened are red deaths per k,ShielaAppavoo,2018-12-12,19:15:27,negative,0.716995120048523,neutral,0.6078884601593018,fear,0.9561693072319032,negative,0.9986957907676696,negative,0.3497305512428283,negative
33,33,33,33,some people think temporary anxiety is worse than unnecessary death and some people think saving budget money is better than saving lives,ShielaAppavoo,2018-12-13,04:19:17,negative,0.903050661087036,negative,0.8295629024505615,sadness,0.6917202472686768,negative,0.991340696811676,negative,0.4407277107238769,negative
34,34,34,34,yes kevin probably most reduction in longevity due to loneliness uk appointed a loneliness minister to address this montreal and toronto i understand gps giving out passes as prescription toward this,AnizKhalfan,2018-12-13,06:22:15,negative,0.7723179459571838,neutral,0.6923383474349976,sadness,0.9202606081962584,negative,0.8722629547119141,negative,0.3726628124713897,negative
35,35,35,35,bars in red deaths from breast cancer in women not screened bars in purple  fewer deaths from breast cancer in women screened whats your choice,JeanSeely,2018-12-13,12:38:08,negative,0.9557103514671326,neutral,0.5369358062744141,fear,0.4627284109592438,negative,0.9979896545410156,negative,0.3897377550601959,negative
36,36,36,36,the reason for recommendations  number goal is to reduce deaths from breast cancer,JeanSeely,2018-12-14,12:44:04,neutral,0.6592901945114136,neutral,0.7184043526649475,joy,0.757143497467041,positive,0.9410931468009948,negative,0.5697320699691772,neutral
37,37,37,37,this is the essence of the tradeoff between anxiety and late cancer detection overemphasis of harms leads to very bad things its wrongthinking,ShielaAppavoo,2018-12-14,13:39:23,negative,0.9732365608215332,negative,0.956362783908844,anger,0.8035963177680969,negative,0.9930509328842164,negative,0.449692964553833,negative
38,38,38,38,the irony of that statement anxiety related to a possible cancer diagnosis is appropriate advising women to avoid that anxiety by potentially allowing the most common cause of death yo to go undetected now that is inappropriate,ShielaAppavoo,2018-12-14,14:30:47,negative,0.9269604086875916,negative,0.7979862689971924,fear,0.7889220118522644,negative,0.8361589908599854,negative,0.383292555809021,negative
39,39,39,39,there were more deaths in the screening limb in the first years because of this systematic error of randomizationthey also used mammo equipment that had been retired by the early s do you think the quality of evidence is limited to study design,ShielaAppavoo,2018-12-15,14:00:28,negative,0.9575899839401244,negative,0.827110767364502,sadness,0.9660899043083192,negative,0.9998486042022704,negative,0.3924622237682342,negative
40,40,40,40,this is an excellent summary of the reasons why the task force guidelines are outdated and will cause loss of lives from,JeanSeely,2018-12-16,11:01:02,negative,0.9731955528259276,negative,0.6859474182128906,sadness,0.9946194887161256,negative,0.9999631643295288,negative,0.4524002373218536,negative
41,41,41,41,sadly the amount of work we have to do in a day doesnt permit this much time spent on each case if we did that the wait lists would become unthinkable the tradeoff for timely care must be time efficiency we need more hours in a day can you read your report and see images,ShielaAppavoo,2018-12-16,18:15:04,negative,0.901189386844635,negative,0.8309500813484192,anger,0.431888222694397,negative,0.99479877948761,negative,0.3965530395507812,negative
42,42,42,42, node positive and  palpable in the screening limb more deaths in screening limb in st yrssomething was rotten with the cnbss a few things actually ridiculously bad randomization and very poor imaging obsolete even for the early s,ShielaAppavoo,2018-12-18,04:13:07,negative,0.9815877676010132,negative,0.858781635761261,sadness,0.9831619262695312,negative,0.9999711513519288,negative,0.3727222084999084,negative
43,43,43,43,new mothers absolutely need better medical care and emotional support as they make this important transition to motherhoodfamily doctors see moms and babies  times in the first months of life when we care for families together we do better,DrRFernandez,2018-12-19,23:09:47,neutral,0.5686244964599609,positive,0.5576269030570984,joy,0.9969964027404784,positive,0.6321064829826355,negative,0.411594033241272,positive
44,44,44,44,this would be so good for our patients lets do this for bc new initiative to combat anxiety and loneliness via,AnizKhalfan,2018-12-22,12:50:17,positive,0.9631636142730712,positive,0.959011435508728,joy,0.9754059314727784,positive,0.7503383755683899,positive,0.3717274665832519,positive
45,45,45,45,sadly if he ignores his defence advisors he aint taking twitter advice,ShielaAppavoo,2018-12-22,16:58:37,negative,0.9564231634140016,negative,0.7245908379554749,anger,0.5639554858207703,negative,0.968467652797699,neutral,0.4695614874362945,negative
46,46,46,46,holidays are a beautiful time for reflection and writing  great opportunity for  although im sad they didnt go with my suggested title the real housestaff of canada,bechardmel,2018-12-27,23:00:15,positive,0.9414650797843932,positive,0.6107929944992065,joy,0.5844085216522217,positive,0.9947682619094848,negative,0.3807609677314758,positive
47,47,47,47,excellente analyse il faut investir fond dans une nouvelle education qui va permettre la masse de sadapter ce nouveau monde cf guerre des intelligences laurent alexandre,gsoulez,2019-01-12,13:45:37,neutral,0.9564132690429688,neutral,0.7006189823150635,joy,0.9326022267341614,positive,0.998895227909088,positive,0.4382306337356567,neutral
48,48,48,48,the encouraging centrepieces are a nice touch thanks for lessening the royal college exam stress just a bit,bechardmel,2019-01-12,15:33:44,positive,0.986949384212494,positive,0.9788401126861572,joy,0.997853457927704,positive,0.9933630228042604,positive,0.3903837502002716,positive
49,49,49,49,great thread enjoyed reading that of course much of it resonated sadly,indysahota,2019-01-14,22:50:33,positive,0.9490237832069396,positive,0.9656932353973388,joy,0.594693124294281,positive,0.9704448580741882,positive,0.3651421070098877,positive
50,50,50,50,the overestimate of overdiagnosis is shameful it is calculated at the overstatement of anxiety as a harm is ridiculous and always brings me back to this opinion piece which sums it up nicely,ShielaAppavoo,2019-01-15,02:26:18,negative,0.9497101902961732,negative,0.8003247380256653,sadness,0.9747363328933716,positive,0.9799885749816896,negative,0.427643358707428,negative
51,51,51,51,we wish we could tell you how much you taught usto recognize our limits and embrace the realization that more is not always betterand we wish you could tell us whether we provided you with what we hoped in the end a dignified and comfortable death,DrRFernandez,2019-01-17,04:22:41,neutral,0.5701245665550232,neutral,0.587918221950531,joy,0.9987803101539612,positive,0.5271551012992859,negative,0.3711694777011871,neutral
52,52,52,52,physician burnout now essentially a public health crisis via,AnizKhalfan,2019-01-21,00:55:32,negative,0.947541356086731,negative,0.7929104566574097,sadness,0.444034069776535,negative,0.9911403059959412,negative,0.5772207975387573,negative
53,53,53,53,i know a couple of people with significant postmeasles hearing loss id call that a preventable chronic health problem,ShielaAppavoo,2019-01-24,04:52:44,negative,0.9159736037254332,negative,0.8695706725120544,joy,0.4820314347743988,negative,0.9356818795204164,negative,0.4470053911209106,negative
54,54,54,54,sadly the echoes of empire are heard in canada as well and are starting conversations about diversity in  maybe by the end of my career i wont have to answer this question anymore i mean where are youreallyfrom,DrRFernandez,2019-01-27,17:24:20,negative,0.7783382534980774,negative,0.494973212480545,joy,0.6084997057914734,negative,0.8828606605529785,negative,0.3508398532867431,negative
55,55,55,55,that makes me so sad,DrRFernandez,2019-01-28,05:04:33,negative,0.975342869758606,negative,0.9666964411735536,sadness,0.9984980821609496,negative,0.988925278186798,negative,0.4516927897930145,negative
56,56,56,56,i get that consolidation may save money but i mourn the loss of generalist hospitals i work in one amp value the fact that patients can get care closer to homeit means a lot to save them travel babysitting time off work and so on,DocSchmadia,2019-01-28,18:56:44,neutral,0.7395874261856079,neutral,0.528121292591095,joy,0.8077524900436401,positive,0.8777467608451843,negative,0.3626875281333923,neutral
57,57,57,57,screening contributes by ensuring its only  death rates almost always due to mets are higher in nonscreened populations its a cruel disease screeners arent ignoring the plight of mbc pts we are trying to reduce their numbers,ShielaAppavoo,2019-01-29,02:24:14,negative,0.950348138809204,negative,0.8608205318450928,anger,0.9813987612724304,positive,0.9261539578437804,negative,0.3858455419540405,negative
58,58,58,58,sadly very few people realize that a yo drug trial may be valid molecule is the same but a yr old technology based trial its like making computer security policy based on an atari mammo is not pong any more,ShielaAppavoo,2019-01-29,03:55:54,negative,0.914497435092926,negative,0.6054888367652893,joy,0.9939409494400024,negative,0.9941879510879515,negative,0.3793725967407226,negative
59,59,59,59,sadly though the motivation for pharmaceutical ramp is money no money no better drugs unless of course we are willing to pay for the independent research with tax dollars,ShielaAppavoo,2019-01-29,16:11:32,negative,0.9194887280464172,negative,0.6872836947441101,joy,0.9688461422920228,negative,0.9993104934692384,negative,0.4598488211631775,negative
60,60,60,60,by the age of  one in two canadians will have or had a mental illness depression is the most common,DocSchmadia,2019-01-30,15:09:58,negative,0.5413410663604736,negative,0.766542375087738,sadness,0.9584012031555176,negative,0.9319490790367126,negative,0.5243431925773621,negative
61,61,61,61,rates of depression in teens have doubled rates of feeling left out or lonely have doubled,DocSchmadia,2019-01-30,15:11:16,negative,0.9502068161964417,negative,0.772354006767273,sadness,0.9988583326339722,negative,0.969005525112152,negative,0.457920640707016,negative
62,62,62,62,never thought id find myself sad to have no egrets,ShielaAppavoo,2019-01-31,15:04:01,negative,0.9340850710868835,negative,0.5732578635215759,sadness,0.9984488487243652,positive,0.9898556470870972,neutral,0.384581983089447,negative
63,63,63,63,to raise awareness for womens health heart diseases and stroke caused death in women this is closest to ive got but it doesnt lessen my support talk to your doctor about and ,CalvinTongMD,2019-02-01,18:53:28,neutral,0.5507711172103882,neutral,0.607881486415863,sadness,0.5353084206581116,positive,0.9970664381980896,negative,0.4186685979366302,neutral
64,64,64,64,nobody really won  the patriots just loss less,mclaughlin_tom,2019-02-04,03:07:27,negative,0.9724463224411012,negative,0.5699593424797058,joy,0.8487337827682495,negative,0.9957104921340942,negative,0.4326944947242737,negative
65,65,65,65,from what i understand opiates may be overtaking as the number one cause of death in women under  i sympathize with your struggle,ShielaAppavoo,2019-02-04,05:38:28,negative,0.9074953198432922,negative,0.522796630859375,anger,0.9592882990837096,negative,0.7153928875923157,negative,0.4425692558288574,negative
66,66,66,66,good luck i know its stressful,ShielaAppavoo,2019-02-04,11:54:06,neutral,0.5995678901672363,neutral,0.4241902828216553,sadness,0.9690886735916138,positive,0.9121668934822084,negative,0.4561106860637665,neutral
67,67,67,67,im reminded of that dentists saying only floss the teeth you want to keepmy new breast screening recommendation only get screened if you want to minimize your chance of dying of breast cancer,ShielaAppavoo,2019-02-05,14:23:58,neutral,0.5359834432601929,negative,0.5641399621963501,sadness,0.6461769938468933,negative,0.9982011318206788,negative,0.3682710528373718,negative
68,68,68,68,waiting on formalities like having the primary healthcare provider present the imaging results just adds delay dr visits  and actually worsens the perceived harm of anxiety,ShielaAppavoo,2019-02-05,16:36:40,negative,0.95754736661911,negative,0.9324312210083008,fear,0.9180021286010742,negative,0.9921884536743164,negative,0.5172864198684692,negative
69,69,69,69,i have vr dictation system the dr gets a report within minutes patients and drs prefer the rad to take charge of the imaging and imagingguided procedures and its saferfaster and less chance for noncompliance or loss to follow up its a longstanding model that works well,ShielaAppavoo,2019-02-05,17:41:45,positive,0.7844424843788147,positive,0.7095797657966614,joy,0.9972507357597352,positive,0.9732489585876464,neutral,0.4373658299446106,positive
70,70,70,70,i worked with a fellow who was partly deaf from measles he thought it really had an impact on his enjoyment of music etc sad parents choose that for their children,ShielaAppavoo,2019-02-09,15:48:45,negative,0.9094163179397584,neutral,0.5357564091682434,sadness,0.9779638051986694,positive,0.9952400922775269,negative,0.4476937353610992,negative
71,71,71,71,interesting factors associated w depression poor faculty feedback poor learning long hrs higher research rank,bechardmel,2019-02-14,02:25:02,negative,0.9651705622673036,negative,0.5694736838340759,sadness,0.9605392217636108,negative,0.9933733940124512,negative,0.5062582492828369,negative
72,72,72,72, of resident errors are caused by fatigue sad but not surprising heres a great resource for anyone looking to improve their programinstitutions approach to resident fatigue,bechardmel,2019-02-15,02:57:30,negative,0.7527446746826172,neutral,0.4544402956962585,surprise,0.7153562903404236,negative,0.5235305428504944,negative,0.4020311534404754,negative
73,73,73,73,it happened to a close friend of mine who is half ashkenazi jewish and thus higher risk she told me she was glad shed hit  so she could finally get her dr to send her for a mammo sadly we hear that frequently from patients in our offices,ShielaAppavoo,2019-02-15,19:41:45,neutral,0.6975974440574646,neutral,0.5803072452545166,joy,0.9966766834259032,negative,0.9997535347938538,negative,0.5091531276702881,negative
74,74,74,74,and i wonder if the tf counts the harm of anxiety among women who cannot get screened in their s due to inability to get access,ShielaAppavoo,2019-02-15,23:48:10,negative,0.9560738205909728,negative,0.7778123617172241,fear,0.953909993171692,negative,0.9902753829956056,negative,0.4140167534351349,negative
75,75,75,75,i find it interestingly reminiscent of orwell that the latest buzzwords that i see everywhere are ai and burnout,ShielaAppavoo,2019-02-16,03:13:16,neutral,0.7464559674263,positive,0.6224410533905029,joy,0.9348735213279724,positive,0.7638616561889648,negative,0.4688425660133362,positive
76,76,76,76,im so sorry to hear about your suffering that sounds awful its good to know young people today dont have to suffer many of those diseases but doubly sad when their parents withhold vaccines,ShielaAppavoo,2019-02-18,04:13:30,negative,0.8668082356452942,negative,0.9177355766296388,sadness,0.9988808035850524,negative,0.9997368454933168,negative,0.4426453411579132,negative
77,77,77,77,in the philippines measles outbreak cases in one week and gt deaths so far most of them in unimmunized patients both numbers still climbing just tragic,DocSchmadia,2019-02-20,09:50:19,negative,0.975264847278595,negative,0.914226531982422,sadness,0.9982885718345642,negative,0.9988170862197876,negative,0.4184528887271881,negative
78,78,78,78,couldnt agree more vaccination is part of the social contract somehow weve lost sight of that  the globe and mail,DocMcConks,2019-02-21,00:34:38,neutral,0.7595643997192383,negative,0.6049575805664062,sadness,0.9984225034713744,negative,0.97444748878479,positive,0.4112159013748169,negative
79,79,79,79,and sadly tumour size node pos and neg is strongly correlated with survival my husband died of cancer at not a screenable type obviously there is nobody who would rather see cancer just go away id love to focus on ob ultrasound,ShielaAppavoo,2019-02-21,05:17:38,negative,0.9718568921089172,negative,0.9156046509742736,sadness,0.9966782331466676,negative,0.999508261680603,negative,0.4146516621112823,negative
80,80,80,80,nothing substantive just the only rct rule for benefits which they conveniently forget when they include everything including questionnaires  for harms notice they disregard decreased masty and ax dissection for benefits but emphasize anxiety for harms,ShielaAppavoo,2019-02-21,05:54:07,negative,0.9395341277122498,negative,0.6441701650619507,sadness,0.439721941947937,negative,0.9936007857322692,negative,0.3942108452320099,negative
81,81,81,81,he lost me at long hair,ShielaAppavoo,2019-02-23,03:44:13,neutral,0.8505567908287048,negative,0.5221191048622131,sadness,0.9969839453697203,negative,0.96114981174469,neutral,0.3910983800888061,negative
82,82,82,82,breast cancer is the number one cause of death in women  more than accident or suicide its not rare and theres no magic chemo smaller is better if we stop screening young women we will lose more life years,ShielaAppavoo,2019-02-24,04:02:52,negative,0.9652422666549684,negative,0.8743540048599243,joy,0.4973873198032379,negative,0.9997629523277284,negative,0.5396806001663208,negative
83,83,83,83,he lost the narrative a long time ago did you know he attributed a large part of his gross overestimate of breast cancer overdiagnosis to spontaneous regression you cant make this stuff up,ShielaAppavoo,2019-02-25,02:15:03,negative,0.9700064659118652,negative,0.8492582440376282,sadness,0.8344109058380127,negative,0.9993757605552672,negative,0.3996786475181579,negative
84,84,84,84,being present physically and emotionally for difficult moments in patients lives is both the hardest and the best part of the job,DrRFernandez,2019-02-28,04:10:52,neutral,0.8032754063606262,positive,0.520550012588501,sadness,0.4529339671134949,positive,0.9994508624076844,negative,0.3545373380184173,positive
85,85,85,85,that is sad jenny,DocSchmadia,2019-03-01,00:07:29,negative,0.9664098024368286,negative,0.918954610824585,sadness,0.9897717833518982,negative,0.9609732031822203,negative,0.49773770570755,negative
86,86,86,86,im so sorry for your loss what a lovely tribute andrea,DocSchmadia,2019-03-08,17:05:01,positive,0.8977029919624329,positive,0.4848961234092712,love,0.9905235171318054,positive,0.9877681136131288,negative,0.4764497578144073,positive
87,87,87,87,congratulations to ran goldman and his team we are conducting rct using vr for minor ortho interventions to reduce anxiety ,hippysurgeon,2019-03-11,05:42:11,positive,0.952100396156311,positive,0.9381455779075624,joy,0.9806997776031494,positive,0.9992173910140992,negative,0.3371104001998901,positive
88,88,88,88,are you aware that the nonexpert depression screening guidelines recommend not screening for depression in anyone not even postpartum women that is against expert psychiatrist and womens physician recommendations,ShielaAppavoo,2019-03-13,03:42:25,negative,0.7105453610420227,negative,0.7237446904182434,joy,0.7227330207824707,negative,0.9956952333450316,negative,0.3711735904216766,negative
89,89,89,89,how about those who equate the anxiety of a recall to unnecessary death from breast cancer that could have been caught early and curable through screening,ShielaAppavoo,2019-03-13,03:52:29,negative,0.780833899974823,negative,0.808381199836731,fear,0.7133678197860718,negative,0.9515507817268372,negative,0.4926086068153381,negative
90,90,90,90,if you have an interest in mental health and fairness in health policy in general you will pay attention ctfphc has no accountability suppresses evidence and eschews expert input canadian women in particular breast screening postpartum depression screening need help,ShielaAppavoo,2019-03-13,04:25:51,negative,0.773326575756073,negative,0.7721236944198608,joy,0.7319753170013428,negative,0.9937142729759216,negative,0.3680215775966644,negative
91,91,91,91,i am the source of all that ails the world pestilence famine war deathall me,DrRFernandez,2019-03-14,02:02:11,negative,0.9589498043060304,negative,0.9347043633461,anger,0.964023232460022,negative,0.9726094007492064,negative,0.4430687725543976,negative
92,92,92,92,how do you feel about the depression guideline any problems,ShielaAppavoo,2019-03-15,12:53:27,neutral,0.9277835488319396,neutral,0.6488311290740967,sadness,0.998491644859314,positive,0.7491309642791748,negative,0.4332288801670074,neutral
93,93,93,93,trying to use yoga to keep sharp and manage stress during studying yogaed til my feet bled plan relaxation has failed,bechardmel,2019-03-16,22:54:02,neutral,0.5656671524047852,negative,0.5232636332511902,sadness,0.9824241995811462,negative,0.9998823404312134,negative,0.3828437626361847,negative
94,94,94,94,a revealing look at the reality of doctor bullying and suicide by in the,mclaughlin_tom,2019-03-17,13:19:54,negative,0.7192925810813904,negative,0.6634858846664429,fear,0.6343797445297241,positive,0.9995996356010436,negative,0.5556853413581848,negative
95,95,95,95,awful so distressing and not the least bit funny or clever if yall wanna pull a prank on me just make sure its hilarious,bechardmel,2019-03-17,23:16:13,negative,0.9792989492416382,negative,0.9342402815818788,joy,0.9962872266769408,negative,0.9999607801437378,negative,0.417812705039978,negative
96,96,96,96,thought i was coping with exam stress pretty well but i guess i just devoured two pizzas for lunch not two pieces two pizzas,bechardmel,2019-03-20,21:04:34,negative,0.9176226258277892,neutral,0.4494891762733459,anger,0.8747231364250183,negative,0.9994322657585144,negative,0.3837056159973144,negative
97,97,97,97,my swollen eyes look like i lost rounds with mcgregor if this is low ill need an epipen when your reading goes higher i question the accuracy,DocMcConks,2019-03-21,15:00:31,negative,0.907481849193573,negative,0.875723123550415,sadness,0.9985873699188232,negative,0.9997770190238952,negative,0.3819393515586853,negative
98,98,98,98,this tragic situation  caused by a strategy of rationed access to care  is propagated by governments across canada sadly it is far from being an isolated event we are recognized internationally for our dangerous and deadly emergency room waits,DrBrianDay,2019-03-22,20:37:22,negative,0.9720799922943116,negative,0.9373378157615662,sadness,0.8916677832603455,positive,0.7923429012298584,negative,0.4330151975154876,negative
99,99,99,99,canadians suffer physically emotionally and financially as government imposed rationing leaves over a million on wait lists governments should be ashamed instead they fight for the status quo via,DrBrianDay,2019-03-28,14:18:08,negative,0.9795127511024476,negative,0.9586089849472046,sadness,0.997797966003418,negative,0.994754195213318,negative,0.4836059510707855,negative
100,100,100,100,cherry tree yes this is what could await you provided you get to them before the birds meantime the cherry blossom still needs a few days to reach glory,AnizKhalfan,2019-03-30,15:47:25,positive,0.6424844861030579,positive,0.6353328227996826,joy,0.9933478236198424,positive,0.9739946722984314,positive,0.3871899545192718,positive
101,101,101,101,students please complain about stress any time ill listen  share snacks tears welcome thanks those who support me this way,bechardmel,2019-04-13,02:25:38,neutral,0.6782280206680298,positive,0.6774424910545349,joy,0.9325966238975524,negative,0.5809711813926697,negative,0.4588986933231354,negative
102,102,102,102,and her error there is in the term experts the members of ctfphc are experts in all types of subjects except the topics of the guidelines and sadly they ignored important evidence and content expert advice,ShielaAppavoo,2019-04-15,11:36:24,negative,0.93928062915802,negative,0.7031252980232239,sadness,0.9973822236061096,negative,0.9967917799949646,negative,0.3669688999652862,negative
103,103,103,103,i cant stop watching this overacted death scene,ShielaAppavoo,2019-04-16,01:59:30,negative,0.9614956378936768,negative,0.9509488344192504,anger,0.5511664152145386,negative,0.997957706451416,negative,0.4244207739830017,negative
104,104,104,104,so sad to hear this,PEAKMD,2019-04-19,00:17:29,negative,0.96643328666687,negative,0.9366124272346495,sadness,0.9979475140571594,negative,0.9996445178985596,negative,0.4984235167503357,negative
105,105,105,105,reinstating the rotating internship is one of five strategies to improve medical trainingto reduce stress and boost expertise  canadian healthcare network  physicians,PEAKMD,2019-04-22,10:21:46,positive,0.7845731973648071,positive,0.6494876146316528,joy,0.9861769080162048,positive,0.8736889958381653,neutral,0.3650926947593689,positive
106,106,106,106,approximately veterans per day commit suicidewould at least of my twitter friends please copy and tweetnot rtveterans crisis lineuk canada call tollfree thanks for passing it on,PEAKMD,2019-04-22,23:12:46,negative,0.8135059475898743,neutral,0.568928599357605,sadness,0.5325627326965332,negative,0.9997010231018066,negative,0.3675115406513214,negative
107,107,107,107,lets discuss how we can better support ns doctors to prevent burnout and improve retention,PEAKMD,2019-04-23,10:48:20,positive,0.5952997207641602,positive,0.5473125576972961,joy,0.9872127175331116,negative,0.7383047342300415,neutral,0.3771001398563385,positive
108,108,108,108,approximately veterans per day commit suicide would at least of my twitter friends please copy and tweet not rt veterans crisis line  uk canada call tollfree  thanks for passing it on via,dr_oona,2019-04-24,19:28:43,negative,0.6480700969696045,neutral,0.5015009641647339,sadness,0.7275062203407288,negative,0.9996102452278136,negative,0.5252573490142822,negative
109,109,109,109,the value of emotional intelligence for leaders,PEAKMD,2019-04-24,20:10:04,positive,0.635788083076477,neutral,0.6262609958648682,joy,0.8259743452072144,positive,0.998891055583954,positive,0.6083679795265198,positive
110,110,110,110,agree an excellent app for emotional intelligence is mood meter app recommend it,AnizKhalfan,2019-04-24,20:40:15,positive,0.9829073548316956,positive,0.965813934803009,joy,0.9982329607009888,positive,0.9556652903556824,positive,0.4276058673858642,positive
111,111,111,111,thank you for the updated report i was just passing on the thread as believe in raising awareness and that even one suicide a day is one too many,PEAKMD,2019-04-25,11:37:41,neutral,0.8762600421905518,positive,0.5010970234870911,joy,0.9929203391075134,negative,0.6181831359863281,negative,0.4276610910892486,negative
112,112,112,112,i am hearing alarm bells when i think of how various types of physicians are systemically disadvantaged in physician leadership and hospitals,DrRFernandez,2019-04-26,18:14:41,negative,0.9662074446678162,negative,0.8158019781112671,sadness,0.9979460835456848,positive,0.6620836853981018,negative,0.4772832691669464,negative
113,113,113,113,the importance of communities in the epidemic of loneliness in medicine video rising incidence of loneliness among physicians must be addressed,PEAKMD,2019-04-30,10:44:45,neutral,0.6706793308258057,neutral,0.6366398334503174,sadness,0.9889039397239684,positive,0.7592707872390747,negative,0.4235609173774719,neutral
114,114,114,114,am at health seminargreat talks so far about innovation amp d printing medicine amp diversity emotional impact of change with even more to come this afternoon,DocSchmadia,2019-05-02,15:49:37,positive,0.9771453142166138,positive,0.6111496090888977,sadness,0.9526902437210084,positive,0.9960805773735046,positive,0.4625184237957001,positive
115,115,115,115,i myself know of a handful of med students amp physicians who died by suicide in the last few years just devastating my heart goes out to them amp their familiesfor those who find themselves considering it please reach out,DocSchmadia,2019-05-06,13:07:22,negative,0.8037658929824829,negative,0.8395643830299377,sadness,0.9870803952217102,positive,0.9935424327850342,negative,0.5039989948272705,negative
116,116,116,116,increasing selfawareness and value of emotional intelligence for successful leaders,PEAKMD,2019-05-06,14:51:06,positive,0.8789382576942444,positive,0.6948400735855103,joy,0.9974008798599244,positive,0.9984625577926636,positive,0.5690325498580933,positive
117,117,117,117,the loss of rachel naomi remen is a huge loss for humanity her wisdom and compassion will live on to sustain us all i am so grateful to have known her,PEAKMD,2019-05-06,21:04:13,positive,0.5088682174682617,positive,0.666630744934082,joy,0.7597916126251221,positive,0.9732894897460938,negative,0.3994139730930328,positive
118,118,118,118,suicide an occupational hazard for physicians doctors,DoctorsOfBC,2019-05-06,21:13:15,negative,0.955703616142273,negative,0.8197740912437439,sadness,0.4425601065158844,negative,0.98347407579422,negative,0.4508157670497894,negative
119,119,119,119,we provide good care but we also need to care for ourselves suicide is an occupational hazard with a rate for male doctors nearly x compared with the general public and x higher for female physicians,CalvinTongMD,2019-05-07,06:17:01,neutral,0.7280742526054382,neutral,0.5128979682922363,anger,0.4106258451938629,negative,0.9554057717323304,negative,0.5729987025260925,negative
120,120,120,120,my deepest condolences what a tragic loss,dr_oona,2019-05-10,04:28:12,negative,0.9099710583686828,negative,0.8441718220710754,sadness,0.9926626682281494,negative,0.9626941680908204,negative,0.4878335297107696,negative
121,121,121,121,what struck me was the very large role family medicine plays in care  of allcomers go to their family doctors with anxiety of youth go to their family doctors with anxiety,DocSchmadia,2019-05-14,14:29:15,neutral,0.8439722061157227,neutral,0.7247321009635925,anger,0.5705736875534058,negative,0.975418508052826,negative,0.3743325769901275,negative
122,122,122,122,family doctors are the frontline warriors of the healthcare system i am eternally grateful to my family doctor she literally saved my life she talked me through my depression and despair,DocSchmadia,2019-05-14,14:38:10,positive,0.9917736649513244,positive,0.9640267491340636,joy,0.9769993424415588,positive,0.993188738822937,positive,0.3991672396659851,positive
123,123,123,123,today we feel the loss of an incredible kind and passionate man who shared with us his love of service we grieve and our thoughts and prayers go out to deb and family,AnizKhalfan,2019-05-22,03:13:17,positive,0.8525978326797485,positive,0.4585839807987213,joy,0.99345064163208,positive,0.9904947280883788,negative,0.3703590631484985,positive
124,124,124,124,reducing burnout makes moral and financial sense,bechardmel,2019-05-29,14:32:42,neutral,0.8883324861526489,neutral,0.6396685242652893,joy,0.805353581905365,positive,0.9973242282867432,negative,0.4323273003101349,neutral
125,125,125,125,congratulations to residents who matched in the  and to anyone who was disappointed by todays news remember that in the lost of games youre just beginning your own inspiring comeback journey,bechardmel,2019-05-30,02:06:09,positive,0.9588146209716796,positive,0.9036619663238524,joy,0.9916996955871582,positive,0.8763096928596497,negative,0.4137526452541351,positive
126,126,126,126,do one task at a time if you can breathe deeply x in private in between appointments stay hydrated go pee acknowledge your feelings and stressors,dr_oona,2019-05-31,02:58:14,neutral,0.8123334646224976,neutral,0.5638602375984192,joy,0.8459140062332153,positive,0.9481109380722046,negative,0.3807109296321869,neutral
127,127,127,127,the book captures the time from a unique midwestern perspective i find myself welling up as i read the stories of the late twentieth centurys lost generation fierce necessary advocacy has brought us to a place where we can manage this infection but too late for too many,dr_oona,2019-06-01,17:45:50,neutral,0.8150871396064758,positive,0.6918577551841736,sadness,0.7756670713424683,positive,0.9915016889572144,negative,0.3459401130676269,positive
128,128,128,128,social media is an ideal format for thinktank type problem solving its sad we let this opportunity fall prey to ad hominem antagonism as medical professionals i believe we can do better,ShielaAppavoo,2019-06-02,21:00:43,negative,0.5861736536026001,neutral,0.436697244644165,anger,0.973442554473877,negative,0.9999189376831056,negative,0.3619560897350311,negative
129,129,129,129,burnout amongst physicians approaches  and that statistic never surprises me when i hearexperience stories like this we need to treat each other much better than this,indysahota,2019-06-05,23:15:44,negative,0.9525564312934875,neutral,0.4731981456279754,joy,0.9226381182670592,negative,0.999170422554016,negative,0.4398989677429199,negative
130,130,130,130,happy to see this happen sad this is how it had to happen,indysahota,2019-06-05,23:17:01,neutral,0.6110035181045532,positive,0.536949872970581,sadness,0.9506340622901917,positive,0.5466715097427368,negative,0.3954578042030334,positive
131,131,131,131,bc response averts overdose deaths in months report,DoctorsOfBC,2019-06-06,21:24:38,neutral,0.7929638028144836,neutral,0.7356604337692261,fear,0.8453831672668457,negative,0.5250745415687561,negative,0.3927996456623077,negative
132,132,132,132,overdose crisis death toll would be more than double without harm reduction study says  cbc news,DoctorsOfBC,2019-06-07,17:52:59,negative,0.8200182318687439,negative,0.6182271242141724,fear,0.6477157473564148,negative,0.9979514479637146,negative,0.4972679913043976,negative
133,133,133,133,agreed but unfortunately theres so much emotional manipulation and antiscreening fear mongering that it becomes a very emotional decision and if emotional decisions can be used to improve health i would put my idealism aside and go for the mall appeal,ShielaAppavoo,2019-06-07,18:46:52,negative,0.816393256187439,negative,0.6553288698196411,sadness,0.8379298448562622,negative,0.9995846152305604,negative,0.3642165660858154,negative
134,134,134,134,has revised the classification of  the change details burnout as an occupational phenomenon to better reflect that it is a workbased syndrome caused by chronic stress,DoctorsOfBC,2019-06-12,14:30:54,negative,0.5296671390533447,neutral,0.5995040535926819,sadness,0.397704541683197,negative,0.9901285767555236,negative,0.4641004800796509,negative
135,135,135,135,one wonders if an analysis of the root causes of the loss of confidence should be analyzed before any action is put into place it may be more related to social media and interphysician scrapping than anything material,ShielaAppavoo,2019-06-13,05:00:43,negative,0.6723857522010803,neutral,0.6128082871437073,joy,0.4815146923065185,negative,0.9997430443763732,negative,0.4547375738620758,negative
136,136,136,136,antidepressant shortages cause anxiety for patients with mental illnesses  cbc news,DoctorsOfBC,2019-06-14,16:03:14,negative,0.9554733633995056,negative,0.7865279316902161,fear,0.811984658241272,positive,0.7247942090034485,negative,0.5915868282318115,negative
137,137,137,137,alcohol main cause of substancerelated deaths in hospital  cbc news,DoctorsOfBC,2019-06-14,16:04:13,negative,0.9479005336761476,negative,0.7853693962097168,fear,0.7797311544418335,negative,0.9908272624015808,negative,0.354812353849411,negative
138,138,138,138,doctors of bc is moving forward on new initiatives to support physician wellness including the development of a policy paper to help tackle systemic issues within the health care system that are contributing to physician burnout,DoctorsOfBC,2019-06-14,21:15:19,neutral,0.7465670704841614,positive,0.606050431728363,anger,0.5233490467071533,positive,0.9351816177368164,negative,0.4190903007984161,positive
139,139,139,139,new st pauls hospital to get  million for hearing loss centrehopefully this type of initiative can help address the shameful access problems that plague our system children like this should not wait,DrBrianDay,2019-06-19,02:55:22,negative,0.8204317688941956,neutral,0.4778118431568146,sadness,0.991569995880127,positive,0.9942795038223268,negative,0.6408379077911377,negative
140,140,140,140,suicides outpace hiv deaths among gay and bisexual men,DoctorsOfBC,2019-06-20,16:41:03,negative,0.9229027032852172,negative,0.6282445192337036,fear,0.7204464673995972,negative,0.980604648590088,negative,0.4701087772846222,negative
141,141,141,141,postpartum depression or anxiety reported by nearly a quarter of moms statscan  cbc news,DoctorsOfBC,2019-06-25,16:09:13,negative,0.525044858455658,negative,0.5308605432510376,fear,0.8600543737411499,negative,0.9456403255462646,negative,0.4388866126537323,negative
142,142,142,142,addressing burnout is now seen as a shared responsibility bw individual physician culture of medicine health care system we have to address them all and quit multiplying by zero,PEAKMD,2019-06-26,22:44:36,neutral,0.6786805391311646,neutral,0.6370632648468018,anger,0.5952407121658325,negative,0.9035521745681764,negative,0.4341686069965362,negative
143,143,143,143,on the bright side now that im chronically stressed im never sick lol,kselandMD,2019-06-27,18:59:32,neutral,0.6150903105735779,positive,0.7599266171455383,anger,0.5631534457206726,positive,0.9933207631111144,positive,0.3778328895568847,positive
144,144,144,144,i wonder how these conspiracy theorists explain prehistoric cancer deaths,ShielaAppavoo,2019-07-11,01:47:49,negative,0.8658433556556702,negative,0.717512309551239,fear,0.5450728535652161,negative,0.9992567896842957,negative,0.5163102149963379,negative
145,145,145,145,drug deaths in bc continue to fall but people are still dying every day coroner report,DoctorsOfBC,2019-07-12,17:30:27,negative,0.9775094985961914,negative,0.9407320022583008,sadness,0.9505460858345032,negative,0.9354897737503052,negative,0.4628646671772003,negative
146,146,146,146,i am deeply sorry for your loss words dont suffice,dr_oona,2019-07-18,05:57:58,negative,0.7892090082168579,negative,0.7374428510665894,sadness,0.9895437955856324,positive,0.8501874804496765,negative,0.4837374091148376,negative
147,147,147,147,shout out to the thousands of folks managing the stress of leading an exemplary life without raping anyone,bechardmel,2019-07-19,03:34:24,neutral,0.5408791899681091,positive,0.5013176798820496,joy,0.9976364374160768,positive,0.9917337894439696,negative,0.3939220309257507,positive
148,148,148,148,sad to be missing this,AnizKhalfan,2019-07-20,18:47:49,negative,0.948920488357544,negative,0.8949487805366516,sadness,0.9987622499465942,positive,0.976626455783844,negative,0.4699916839599609,negative
149,149,149,149,and a lot of mansplaining about womens reaction to recalls and anxiety,ShielaAppavoo,2019-07-21,15:08:12,negative,0.5185997486114502,negative,0.689181387424469,fear,0.9763481020927428,negative,0.9958091974258424,negative,0.4234430193901062,negative
150,150,150,150,i heard about work to combat gang wars and drug violence it is one of the most violent countries in the world they just celebrated their first day ever where there were no deaths last monday first time ever,DocSchmadia,2019-07-25,16:35:12,neutral,0.4925004243850708,neutral,0.4322611093521118,anger,0.9869309663772584,negative,0.966665267944336,negative,0.4412861168384552,negative
151,151,151,151,delegates here at to talk about women in medicine as ambassadors of global changetoday fireside chats with women physician leaders  and now gloria steinem,DocSchmadia,2019-07-26,15:24:00,positive,0.6191002130508423,neutral,0.8382362127304077,joy,0.873599648475647,positive,0.9733876585960388,neutral,0.3589299321174621,neutral
152,152,152,152,sorry andrea that is so sad,DocSchmadia,2019-07-26,23:05:08,negative,0.9742118716239928,negative,0.9333141446113586,sadness,0.9985536932945251,negative,0.9994175434112548,negative,0.512912929058075,negative
153,153,153,153,truthfully my solution was to do an peds er fellowship but back on the wards i found it helped when we kept the listrunning really focused to i big changes and ii any questions important info didnt get lost in reiterating stuff we all already knew,bechardmel,2019-07-29,01:51:15,positive,0.633111834526062,positive,0.7138870358467102,joy,0.9782025218009948,positive,0.9826328754425048,negative,0.3477213382720947,positive
154,154,154,154,had really good things to say about this play too sad to have missed it,indysahota,2019-08-02,18:03:35,positive,0.9170950651168824,positive,0.8000040650367737,sadness,0.9989196062088012,negative,0.8555904030799866,positive,0.4019094109535217,positive
155,155,155,155,thank you for the leadership and inspiration all these years sad to see you go but be following,AnizKhalfan,2019-08-03,22:30:46,positive,0.948698878288269,positive,0.8901273012161255,joy,0.7482725977897644,positive,0.9748899340629578,positive,0.3862031996250152,positive
156,156,156,156,dr chanda really sorry for your loss and the great loss for the world of theoretical physics,AnizKhalfan,2019-08-06,04:18:40,negative,0.7851565480232239,neutral,0.4686815142631531,sadness,0.9864066243171692,negative,0.8665124177932739,negative,0.5701746940612793,negative
157,157,157,157,pain is an aversive sensory and emotional experience typically caused by or resembling that caused by actual or potential tissue injury,AnizKhalfan,2019-08-08,11:49:44,neutral,0.5477989315986633,negative,0.7058959007263184,fear,0.927247941493988,negative,0.99963641166687,negative,0.5846285223960876,negative
158,158,158,158,like it a lot pain is an aversive sensory and emotional experience typically caused by or resembling that caused by actual or potential tissue injury especially the wording caused by as compared to the previous defination,AnizKhalfan,2019-08-09,01:25:37,negative,0.5471007823944092,negative,0.6483909487724304,fear,0.884527325630188,negative,0.9999336004257202,negative,0.4255901575088501,negative
159,159,159,159,thinking of you jen i am truly sorry for your loss complicated motherdaughter relationships so true sending hugs and appreciation for all that you do you are awesome believe it,PEAKMD,2019-08-11,01:36:19,positive,0.6063555479049683,positive,0.8706296682357788,joy,0.9943158030509948,positive,0.9970225691795348,positive,0.3802010715007782,positive
160,160,160,160,so sad doctors one of the highest groups for suicide beautifully written anaesthesia and icu consultant,AnizKhalfan,2019-08-11,15:55:48,negative,0.9641990661621094,negative,0.7940906286239624,joy,0.968778133392334,positive,0.9947720170021056,neutral,0.392237514257431,negative
161,161,161,161,listening to kirsten funk  emotional reminder that even min interactions in the er can have an enduring impact on patients  for better or worse,bechardmel,2019-08-12,16:56:59,positive,0.604446530342102,positive,0.5693268179893494,joy,0.7563775777816772,positive,0.9986478686332704,negative,0.4457630217075348,positive
162,162,162,162,people are ignored to death in emergency waiting rooms powerful discussion of health discrepancies we are to treat each other as relatives listen to one another as equals,bechardmel,2019-08-12,17:16:02,negative,0.8775522708892822,negative,0.7894611358642578,sadness,0.6768127679824829,positive,0.9983422756195068,negative,0.3734575510025024,negative
163,163,163,163,the and committees recently sponsored doctors to participate in an online course called joy in work which is helping to address physician burnout gps and specialists can participate in next round in september,DoctorsOfBC,2019-08-12,19:40:08,neutral,0.6379608511924744,positive,0.6321046948432922,joy,0.9717707633972168,positive,0.9914273023605348,negative,0.373849481344223,positive
164,164,164,164,no one is at their moral or professional best after  hours of wakefulness lets build our systems to prevent physician burnout and allow them to be the empathic idealistic people they want to be,bechardmel,2019-08-12,19:51:03,neutral,0.7586734294891357,neutral,0.5330150723457336,anger,0.4991050362586975,positive,0.9945815205574036,positive,0.3790837526321411,neutral
165,165,165,165,this thread for depression,AnizKhalfan,2019-08-16,04:16:03,negative,0.8483487963676453,negative,0.6315248012542725,sadness,0.8682112693786621,negative,0.9520456790924072,negative,0.3975647687911987,negative
166,166,166,166,its true i did go through a sense of loss it was such an abrupt change from being something to not im back on my feet now and i feel better,DocSchmadia,2019-08-18,12:50:25,neutral,0.5172948241233826,positive,0.6967196464538574,joy,0.9920445680618286,positive,0.998078227043152,negative,0.3808254599571228,positive
167,167,167,167,this is upsetting our training and jobs age our cells x compared to general public the more stressful and higher workload  more aging,DocMcConks,2019-08-18,20:49:43,negative,0.981669545173645,negative,0.9264497756958008,sadness,0.8226767778396606,negative,0.9988454580307008,negative,0.5076788067817688,negative
168,168,168,168,a love this quote but sad that its so revolutionary to this day the quote a boy should be two things who and what he wants isnt famous because everyone thinks duh obviously would love if we got to that place with womens aspirations,bechardmel,2019-08-19,01:12:23,neutral,0.7116284966468811,positive,0.5642592906951904,joy,0.9956358075141908,positive,0.9780365824699402,negative,0.3547793328762054,positive
169,169,169,169,i hope you and your group are safe and well  sad to say but this is not the first safari flight involving a friend that was in an accident fortunately no lives lost in the other flight but there were broken bones,SammyChuMD1,2019-08-19,11:33:03,negative,0.558130145072937,neutral,0.4542919993400574,sadness,0.990683913230896,negative,0.9995167255401612,negative,0.5597590804100037,negative
170,170,170,170,how some bc physicians are tackling burnout through joy in work,DoctorsOfBC,2019-08-19,20:01:21,neutral,0.6491352915763855,neutral,0.5616499185562134,joy,0.9868148565292358,positive,0.9905688166618348,negative,0.3759232759475708,neutral
171,171,171,171,threequarters of older canadians with hearing loss dont know it report,DoctorsOfBC,2019-08-22,16:34:29,negative,0.7677231431007385,negative,0.6777603030204773,sadness,0.4413171112537384,negative,0.9968414306640624,negative,0.4804548323154449,negative
172,172,172,172,my husband died in  long before the current revolution in maid i think that we still have a lot to learn but i wish hed had the benefit of being able to take some control over his own death please keep fighting for patient rights we are evolving,ShielaAppavoo,2019-08-22,22:54:05,neutral,0.7037253379821777,negative,0.5576121807098389,anger,0.6715933680534363,negative,0.6175523996353149,negative,0.4888858199119568,negative
173,173,173,173,spent the day at  kids rode their first roller coaster ate slushees until their lips turned blue lost at the games were totally inspired by philosophy check it outmy favorite part hard to say it was all so ,DocSchmadia,2019-08-22,23:38:44,positive,0.8968670964241028,positive,0.9499121904373168,joy,0.9938641786575316,positive,0.8959450721740723,negative,0.4287119507789612,positive
174,174,174,174,absolutely agree with you collegiality is disappearing faster than glaciers too soon that seconds of greeting is valuable and the surgeon on call may not even fully appreciate how much it benefits her or him to be treated like a human being under stressful workload,ShielaAppavoo,2019-08-26,21:25:36,neutral,0.6952700018882751,negative,0.6391142010688782,sadness,0.5797538757324219,negative,0.6764464974403381,positive,0.350279152393341,negative
175,175,175,175,naloxone training for public part of effort to cut overdose deaths,AnizKhalfan,2019-08-29,00:17:46,neutral,0.8400460481643677,neutral,0.7689318060874939,fear,0.7214502692222595,positive,0.915666937828064,positive,0.4125963151454925,neutral
176,176,176,176,respiratory distress from acquired methemoglobinemia from benzocaine spray during  gave one dose of methylene blue magic when royal college exam knowledge collides with reality,CalvinTongMD,2019-08-30,15:12:33,negative,0.5027125477790833,negative,0.5748124718666077,fear,0.9814850091934204,negative,0.9998942613601683,negative,0.5080317258834839,negative
177,177,177,177,even knowing in advance how it ended it was one of the most stressful movies to watch lol unbelievable,kselandMD,2019-09-02,17:13:09,negative,0.9815989136695862,negative,0.8338280916213989,sadness,0.9844009280204772,positive,0.8878477215766907,negative,0.4054298400878906,negative
178,178,178,178,so sorry for you loss big hug to you,PEAKMD,2019-09-04,10:37:15,neutral,0.4650125503540039,neutral,0.4080062508583069,sadness,0.9202309250831604,negative,0.9984717965126038,negative,0.4578070640563965,negative
179,179,179,179,perhaps part of the culture contributing to burnout sees physicians not as people desvering of their own basic needs sleep food safety but only as vessels to care for others serving with humanity demands acknowledging we are human ,bechardmel,2019-09-06,21:17:42,neutral,0.6792843341827393,negative,0.503579318523407,joy,0.8264318704605103,negative,0.96408349275589,negative,0.3386068344116211,negative
180,180,180,180,after vaping deaths cdc recommends not using ecigarettes via,AnizKhalfan,2019-09-08,01:41:07,negative,0.7714933156967163,negative,0.630416750907898,fear,0.3923484683036804,negative,0.9942145943641664,negative,0.4175905585289001,negative
181,181,181,181,best of luck i didnt used to believe it but the way to impress is to be on time honest and open to learning and if possible  try to see the city and enjoy the travel at least a tiny bit in the midst of the stress you deserve it,bechardmel,2019-09-08,14:23:22,positive,0.970576822757721,positive,0.7831835150718689,joy,0.9944270849227904,positive,0.9903535842895508,positive,0.3683700263500213,positive
182,182,182,182,suicide prevention day means opportunity for discussion about a difficult issue expert says,DoctorsOfBC,2019-09-10,17:00:23,neutral,0.5210292339324951,neutral,0.5502113103866577,joy,0.3532630801200866,positive,0.988884449005127,negative,0.3804129660129547,neutral
183,183,183,183,i have a dream that some day every school in alberta will be to a physicianlearner ambassador spot these md ambassadors in the video endocrinologist dr rebecca mitchell rheumatologist dr steven katz pediatrician dr neil cooper and ,KimKellyMD,2019-09-11,23:13:47,neutral,0.6380574107170105,neutral,0.653206467628479,joy,0.9367451667785645,positive,0.9963610768318176,positive,0.3597051203250885,neutral
184,184,184,184,an important and compassionate initiative to increase awareness of physician suicide,PEAKMD,2019-09-12,15:55:30,positive,0.7951870560646057,positive,0.6168423295021057,love,0.7616111040115356,positive,0.9989532232284546,positive,0.4230946898460388,positive
185,185,185,185,unfortunately we are seeing struggles againstill around recruitment in prince george we just lost our only cardiologist so no tee have only one neurologist no dermatologist no endocrinologist and the list goes on and we are the main centre in northern health,kselandMD,2019-09-15,23:08:27,negative,0.9715285897254944,negative,0.8401606678962708,sadness,0.9979304075241088,positive,0.987779974937439,negative,0.4607277810573578,negative
186,186,186,186,thrilled to chair the new oma burnout task force stay tuned to hear what this group will be working on your thoughts and input welcomed,PEAKMD,2019-09-16,21:51:58,positive,0.9455835223197936,positive,0.8820115327835083,joy,0.9987744688987732,positive,0.9933981895446776,positive,0.3903785943984985,positive
187,187,187,187,many thanks to and for bringing this topic up sadly is just too often overlookedwith severe consequences,SammyChuMD1,2019-09-17,04:19:14,neutral,0.6867356896400452,negative,0.4380806684494018,sadness,0.9971031546592712,negative,0.9801141619682312,positive,0.3924901485443115,negative
188,188,188,188,pausing to reflect today on national physician suicide awareness today,PEAKMD,2019-09-17,17:54:20,neutral,0.9564274549484252,neutral,0.800662100315094,joy,0.6823165416717529,positive,0.9887620806694032,negative,0.4286009967327118,neutral
189,189,189,189,sad to miss it best of luck,indysahota,2019-09-19,00:20:58,negative,0.795694887638092,negative,0.5725556015968323,sadness,0.9932352900505066,negative,0.8728817105293274,negative,0.4556527137756347,negative
190,190,190,190,as a turbanwearing brown man trust me when i say the whole saga doesnt offend me nearly as much as the avg cdn who assumes isnt a problem here or who glosses over the racist genocidal origins of this country thats what we should be upset about,indysahota,2019-09-20,17:41:29,negative,0.8854220509529114,negative,0.7067795991897583,anger,0.9970075488090516,negative,0.8975292444229126,negative,0.3989413678646087,negative
191,191,191,191,mutual support from colleagues has long helped physicians manage the stress related to practicing medicine and derive meaning from their work lessons mayo clinic learned from group meetings to cut burnout via ,PEAKMD,2019-09-22,12:52:23,positive,0.874137282371521,positive,0.7851249575614929,joy,0.9597495198249816,positive,0.9990466237068176,positive,0.3708009719848633,positive
192,192,192,192,canadian health care rationing leads to loss of tax revenue and wasting billions by preventing patients access to care  governments version of preventive medicine,DrBrianDay,2019-09-23,19:32:28,negative,0.9667704105377196,negative,0.9161123633384703,sadness,0.476039171218872,negative,0.9972360730171204,negative,0.696491003036499,negative
193,193,193,193,sadly i do not share your enthusiasm that politics of will address our primary care amp access woes offering more docs alone will not enhance quality of care primary care transformation amp are a meaningful way ahead,awruddiman,2019-09-24,17:45:03,negative,0.8463805317878723,negative,0.7166123390197754,joy,0.9933555126190186,negative,0.974675714969635,negative,0.4072918891906738,negative
194,194,194,194,sad to have missed this laurie really wanted to get to see her instead just finished at the district rotary leadership meeting,AnizKhalfan,2019-09-25,05:01:05,negative,0.7704083323478699,negative,0.502169668674469,anger,0.6943150162696838,positive,0.7357617616653442,negative,0.4130034148693084,negative
195,195,195,195,i think the best argument is that the anxiety and even benign biopsies usually less uncomfortable than a dental filling are better tolerated than avoidable late stage cancer regarding biopsy a woman will do more to save a tooth let alone save her life benign unnecessary,ShielaAppavoo,2019-09-26,17:18:21,neutral,0.6602401733398438,positive,0.4551177322864532,joy,0.9779883623123168,negative,0.877750039100647,negative,0.3518564105033874,negative
196,196,196,196,i was just reflecting on that years ago would be unthinkable now its normal it makes me sadi hope you get well reinhart am thinking of you,DocSchmadia,2019-09-26,20:33:19,neutral,0.6853715181350708,negative,0.6612877249717712,joy,0.8564093708992004,positive,0.9491580724716188,positive,0.3881807923316955,positive
197,197,197,197,just learned that clinicians who rate higher idealism are more prone to burnout did not expect this profound personal insight that really succinctly explains the past years,bechardmel,2019-09-27,18:28:41,negative,0.7373591065406799,negative,0.5408253073692322,joy,0.9964383840560912,positive,0.9925752878189088,negative,0.4453931152820587,negative
198,198,198,198,happy to collaborate with all of you on these efforts to address and reduce burnout at,PEAKMD,2019-09-28,15:28:00,positive,0.9777460098266602,positive,0.9285731315612792,joy,0.9988470077514648,positive,0.9960809350013732,positive,0.4245266318321228,positive
199,199,199,199,how emotional intelligence makes you a better physician via,AnizKhalfan,2019-10-02,00:57:23,positive,0.7024616003036499,positive,0.6067141890525818,joy,0.547463595867157,positive,0.9978547692298888,positive,0.603643000125885,positive
200,200,200,200,i havent seen the talk so am hesitant to comment on their presentationphysicians usually have excellent multitasking skills could they be more efficient yes is that enough to fix burnout not when system pressures like waitlists lack of resources etc are causing it,DocSchmadia,2019-10-05,13:29:34,neutral,0.6152675151824951,neutral,0.5033985376358032,fear,0.9664957523345948,negative,0.9945279955863952,negative,0.4049235880374908,negative
201,201,201,201,imho physicians are not very good at saying no they want to help every one do every thing if time management means they get trained to say no then that would help deal with burnout,DocSchmadia,2019-10-05,13:34:35,negative,0.6889262795448303,neutral,0.4943277239799499,joy,0.9323728680610656,negative,0.9999231100082396,negative,0.397230714559555,negative
202,202,202,202,over the last week i have been called dramatic not heard for a few years emotional heard many times and aggressive st time for this label i must be doing something right reality  i am a and leader whos prepared to have uncomfortable conversations,KimKellyMD,2019-10-06,14:34:24,neutral,0.783674418926239,negative,0.5181692838668823,anger,0.9894099235534668,positive,0.6896684169769287,negative,0.3902897238731384,negative
203,203,203,203,so sorry to have missed you at ccph too i looked for you when they asked for the ambassadors to stand up so i could find you later lets stay connected,PEAKMD,2019-10-08,00:40:34,positive,0.6967079639434814,neutral,0.5440669059753418,sadness,0.9757492542266846,positive,0.8300997018814087,positive,0.3523718416690826,positive
204,204,204,204,thank you johny sadly stories of such conversations are rampant so it is critical to increase awareness and be ready to respond appropriately,PEAKMD,2019-10-09,14:20:13,negative,0.5034672021865845,neutral,0.5948774814605713,joy,0.9862325191497804,negative,0.8652991652488708,negative,0.4412589371204376,negative
205,205,205,205,resilience alone cannot counter the isolation and depression that comes fromhostile working environments,PEAKMD,2019-10-10,15:50:22,negative,0.7286173105239868,negative,0.8496873378753662,joy,0.8347320556640625,positive,0.9913759827613832,negative,0.7218589186668396,negative
206,206,206,206,via the descent into is harrowing but in ms wilsons case every lost word or forgotten name was freighted with significance she was trying to become one of the first patients in canada to be approved for ,DocSchmadia,2019-10-12,15:41:30,neutral,0.8731876611709595,neutral,0.5446600317955017,joy,0.8956449627876282,positive,0.9426285624504088,negative,0.4572899639606476,neutral
207,207,207,207,i advise patients to do what is right for them anxiety vs lower survival of breast cancer your choice  chance of overdiagnosis  of deaths in the  who didnt screen regularly make your own choice,ShielaAppavoo,2019-10-13,21:02:38,negative,0.7700201272964478,neutral,0.5444599986076355,joy,0.521405816078186,positive,0.5598653554916382,negative,0.4396429359912872,negative
208,208,208,208,arrived in cape town a few days ahead of  a most humbling mortifying and soulcrushing experience visiting the  the injustices of the apartheid amp postapartheid eras run deep how sad that humans are this terrible to one another,awruddiman,2019-10-17,16:12:59,negative,0.9817811250686646,negative,0.9222863912582396,sadness,0.9984009861946106,negative,0.9750219583511353,negative,0.5243062973022461,negative
209,209,209,209,agree did you know in a study of cancer patients  of deaths were in the  of the population not screening i think the risks of not screening are important to disclose dont youit is always the womans choice,ShielaAppavoo,2019-10-19,22:37:00,neutral,0.607477068901062,neutral,0.5043779015541077,joy,0.992774248123169,negative,0.9644706845283508,negative,0.5006365776062012,negative
210,210,210,210,me this mammogram is normalmy anxiety your index of suspicion is slipping cuz the last you saw were normal or were theymy imposter syndrome i agree with anxiety plus remember youre being auditedmy insomnia dont worry we have all night,ShielaAppavoo,2019-10-19,22:51:38,negative,0.8907386660575867,neutral,0.5027716159820557,joy,0.9458937048912048,negative,0.9984954595565796,negative,0.3740992546081543,negative
211,211,211,211,love thismatreon the patreon platform for emotional labor,DrRFernandez,2019-10-21,04:48:25,positive,0.9784716963768004,positive,0.8999902009963989,sadness,0.9840462803840636,positive,0.9975115060806274,positive,0.4426358342170715,positive
212,212,212,212,hmmm a harvard study published in cancer did you read it  of the deaths were in the  who didnt screen are you interested in the truth if nothing will convince you and your mind is made up and discourse is futile you dont want the truth,ShielaAppavoo,2019-10-21,13:01:36,negative,0.7579279541969299,negative,0.8046823143959045,sadness,0.9660179615020752,negative,0.9999767541885376,negative,0.3969759345054626,negative
213,213,213,213,there are rebuttals to every study nonetheless lets get back to this  of deaths were in the minority of patients who werent regular screeners you cannot deny that the biggest risk for death from breast cancer is not screening how do you feel about that,ShielaAppavoo,2019-10-21,18:18:04,negative,0.7725389003753662,negative,0.6515111923217773,sadness,0.3419441878795624,negative,0.995952606201172,negative,0.4636585414409637,negative
214,214,214,214, of deaths in the  not screened please get back to addressing that,ShielaAppavoo,2019-10-22,10:37:20,negative,0.8830926418304443,negative,0.5052593350410461,anger,0.7424280047416687,negative,0.9999589920043944,negative,0.6101539134979248,negative
215,215,215,215,but it still hurts received an award friday lost the election saturday an hour later  received a standing ovation from the voting delegates somewhat confusing,KimKellyMD,2019-10-22,20:05:17,negative,0.9550267457962036,negative,0.7546600103378296,anger,0.9742050766944884,negative,0.9932115077972412,negative,0.4092950820922851,negative
216,216,216,216,most people managed to ignore the depression guideline just fine womens physicians consider the peripartum period an important time to screen for depression and consider this guideline to be inadequate its important to use judgement not cookbooks,ShielaAppavoo,2019-10-24,02:46:14,negative,0.5055274963378906,neutral,0.5044864416122437,sadness,0.9927801489830016,negative,0.9855140447616576,negative,0.3784413933753967,negative
217,217,217,217,sad to be missing this today greta its happening representing us,AnizKhalfan,2019-10-25,13:11:27,negative,0.7996059656143188,negative,0.5942664742469788,sadness,0.4871591627597809,positive,0.992870271205902,negative,0.4243420958518982,negative
218,218,218,218,elated to learn that genderequity is on the agenda sadly im only able to attend saturday wishing you and copresenters success,KimKellyMD,2019-10-27,14:34:39,positive,0.9583157300949096,positive,0.7708541750907898,sadness,0.6396791934967041,positive,0.9396331906318665,positive,0.4880771934986114,positive
219,219,219,219,just got home and was greeted by a chunky skunk in the driveway lost sight of it and am now afraid to exit the car,bechardmel,2019-10-28,02:37:24,negative,0.8942667245864868,negative,0.6282005906105042,fear,0.9976527094841005,negative,0.998705506324768,negative,0.398821085691452,negative
220,220,220,220,a colossal embarrassment same level as armando galarraga perfect game blown call,DocMcConks,2019-10-30,02:55:26,negative,0.9753134846687316,negative,0.7234165668487549,joy,0.989568531513214,negative,0.9996258020401,negative,0.4733584523200989,negative
221,221,221,221,the past has gone staying there can be feelings of sadness the future is yet to come wishing it to come in a way most wanted can cause anxiety so take this moment in and be is the only moment in time that matters live lifehiking,AnizKhalfan,2019-11-02,17:28:50,neutral,0.8471931219100952,positive,0.4710299372673034,anger,0.4737766683101654,positive,0.9993743300437928,negative,0.3911949694156647,positive
222,222,222,222,this is chillingtougher audits like the mrc the same mrc that led to death of dr tony hsu a welland pediatrician who was literally hounded to death by the mrc over what turned out to be legit billingswhat about proposal for billing education,DocSchmadia,2019-11-04,13:29:13,negative,0.9086880087852478,negative,0.9212923049926758,anger,0.9526178240776062,negative,0.6724448204040527,negative,0.55436772108078,negative
223,223,223,223,but when you ask children what their parents want for them percent say their parents value achievement and happiness over caring sadly achievement without kindness wont lead to success or happiness for these kids,bechardmel,2019-11-04,21:38:34,negative,0.8904876112937927,neutral,0.4382466077804565,love,0.9923757910728456,negative,0.892643928527832,negative,0.3570652306079864,negative
224,224,224,224,this draft law is the same process that caused the death of dr hsu a pediatrician in welland he was publicly humiliated and harassed until his suicide when he was found to be innocent of all chargesdoctors still talk about that tragedy,DocSchmadia,2019-11-08,12:20:50,negative,0.967383623123169,negative,0.9284219741821288,sadness,0.8309559226036072,negative,0.9972313046455384,negative,0.4815579950809479,negative
225,225,225,225,in fact supreme court justice cory recommended a fairer audit process one that resolves overbilling without hurting patient access to care and without causing another suicide from another good doctor  why not implement those recommendations,DocSchmadia,2019-11-08,12:20:51,neutral,0.7952597141265869,neutral,0.5813506841659546,sadness,0.5052893161773682,negative,0.7789523601531982,positive,0.3574068248271942,neutral
226,226,226,226,my latest as a society we must be able to talk about not just what a good life looks like but what a good death looks like im talking about when to stop lifeprolonging treatment when to refocus medicine on quality of life not quantity,DocSchmadia,2019-11-12,23:50:46,neutral,0.8614856600761414,neutral,0.567611038684845,joy,0.995122253894806,positive,0.6268160939216614,positive,0.3668667674064636,neutral
227,227,227,227,i had the privilege of caring for a patient who took the time to talk to his family about his life and his death this doesnt always happen and it shouldthis is an important consideration at any and all stages of our livesfor more info visit,DocSchmadia,2019-11-12,23:54:03,positive,0.5965933799743652,positive,0.5734632015228271,love,0.99001806974411,negative,0.5508226156234741,positive,0.4187662005424499,positive
228,228,228,228,its twitter thumb  known occupation hazard of official twitter ambassadors,ShelleyZieroth,2019-11-16,23:48:08,negative,0.7939025163650513,neutral,0.5552697777748108,joy,0.4683848023414612,negative,0.9685657024383544,neutral,0.4588672518730163,negative
229,229,229,229,many colleagues have shared with me that a major source of their sense of burnout stems from the difficulty taking off the physician mask at the end of the day and putting on the family one ,DoctorsOfBC,2019-11-19,22:50:08,negative,0.7191203832626343,negative,0.6693531274795532,anger,0.710879921913147,negative,0.9301329851150512,negative,0.4395510554313659,negative
230,230,230,230,no sadly that is the day the trial ends decision likely in mid ,DrBrianDay,2019-11-21,15:29:36,negative,0.897216260433197,negative,0.5722646117210388,joy,0.4250618815422058,positive,0.6397272944450378,negative,0.5010771155357361,negative
231,231,231,231,this is heartbreaking laurie so very sorry for your loss,AnizKhalfan,2019-11-24,15:32:55,negative,0.906465232372284,negative,0.8515705466270447,sadness,0.9974554181098938,positive,0.8432939052581787,negative,0.5348190665245056,negative
232,232,232,232,you are helping countless people with your tremendous advocacy and vulnerability it doesnt take away the pain so sorry for your losses,KimKellyMD,2019-11-24,15:44:30,neutral,0.5377435684204102,positive,0.5824364423751831,sadness,0.9851408004760742,positive,0.9922134280204772,negative,0.3976153433322906,positive
233,233,233,233,wait times irrelevant as an issue for the court to consider argues government despite many s dying on wait lists in bc alone government is complicit in such deaths and justice system must protect their rights,DrBrianDay,2019-11-28,07:26:57,negative,0.8591088652610779,negative,0.8442715406417847,anger,0.4897754192352295,negative,0.9945043921470642,negative,0.3697715103626251,negative
234,234,234,234,not impressed  but sadly also not surprised,indysahota,2019-11-29,22:43:59,negative,0.972274899482727,negative,0.7142822742462158,surprise,0.9903491735458374,negative,0.9997485280036926,negative,0.3434847891330719,negative
235,235,235,235,in support of thread below original article just published in on association between ehr usability amp physician burnout,awruddiman,2019-11-30,18:01:33,neutral,0.741169810295105,neutral,0.8596193194389343,joy,0.7026821970939636,negative,0.95090252161026,negative,0.4295169115066528,negative
236,236,236,236,it was despicable emotional victory against pelvic mesh makers after years of suffering via,AnizKhalfan,2019-11-30,22:33:28,negative,0.9780210852622986,negative,0.9166454076766968,anger,0.5798517465591431,positive,0.7427886724472046,negative,0.4515983760356903,negative
237,237,237,237,your interest in pursuing to address your needs and perhaps those of entire strata are certainly worth pursuing the merits of solar installation as a retrofit should be considered a positive disruptor nett gain far exceeds any aesthetic losses dm me to chat,awruddiman,2019-12-01,16:38:15,neutral,0.7862743139266968,positive,0.755169153213501,joy,0.9961299896240234,positive,0.8925154209136963,negative,0.4059597551822662,positive
238,238,238,238,you may or may not be aware that today is  sadly the stigma associated with and misinformation of this condition continue keep yourself and others informed amp updated on of and ,awruddiman,2019-12-01,19:17:15,negative,0.8826168775558472,negative,0.6653109192848206,joy,0.951940894126892,negative,0.7639373540878296,negative,0.514982283115387,negative
239,239,239,239,excellent presentation by one of our talented research fellows dr sadia qamar on role of cardiac ct in potential cardio embolic stroke,DrAlisonHarris,2019-12-02,21:50:01,positive,0.9487892389297484,positive,0.93070787191391,joy,0.9977062940597534,positive,0.9969003200531006,positive,0.6329618692398071,positive
240,240,240,240,very sad news this morning i can only imagine how much fun you amp jim will have together now that you are reunited,DrMCGregoire,2019-12-08,18:38:33,positive,0.757043182849884,positive,0.4534969925880432,joy,0.9548263549804688,positive,0.7489122748374939,negative,0.3883823156356811,positive
241,241,241,241,fascinating insta filters and depressive symptoms but probably the best indicator of mental health is not using instagram at all i recognize the irony of saying this on twitter,bechardmel,2019-12-08,18:55:29,negative,0.5954975485801697,neutral,0.4245550036430359,surprise,0.8928237557411194,negative,0.9701722860336304,negative,0.3559074997901916,negative
242,242,242,242,some very sad amp unsettling news coming out of the bc community of gabriola island this evening thinking of those so affected and especially of the first responders including all medical professionals who may be lending support,awruddiman,2019-12-11,04:33:10,negative,0.8553489446640015,negative,0.8354999423027039,sadness,0.9505580067634584,positive,0.9539006352424622,negative,0.4507645666599273,negative
243,243,243,243,such sad and terrible news i just landed around h at yyj from yvr south terminal and it was super foggy we were warned we would likely have to go back to yvr but we landed safely my heart to the families affected,DrMCGregoire,2019-12-11,05:19:30,negative,0.9043720364570618,negative,0.8694639205932617,sadness,0.7293785810470581,negative,0.9526709914207458,negative,0.4949487745761871,negative
